{
  "Workflows": [
    {
      "Path": null,
      "SortBy": 0,
      "VariablesSectionElementsOrder": [],
      "ArgumentsSectionElementsOrder": null,
      "ConstantsSectionElementsOrder": null,
      "AddedNamespaces": null
    },
    {
      "Path": "Authentication_UserGraph.xaml",
      "SortBy": 0,
      "VariablesSectionElementsOrder": [
        "dateExpiringDateToken&Sequence_1",
        "strTokenMsGraph&Sequence_1",
        "objJSON&Sequence_1",
        "intRequestStatus&Sequence_1",
        "strRequestResults&Sequence_1",
        "Refresh_Token&Sequence_1",
        "Client_Id&Sequence_1",
        "Refresh_Token&Sequence_1"
      ],
      "ArgumentsSectionElementsOrder": [],
      "ConstantsSectionElementsOrder": null,
      "AddedNamespaces": null
    },
    {
      "Path": "Download_File.xaml",
      "SortBy": 0,
      "VariablesSectionElementsOrder": [
        "strDownloadUrl&Sequence_1",
        "objJSON&Sequence_2",
        "intRequestStatus&Sequence_2",
        "strRequestResults&Sequence_2",
        "strAuthToken&Sequence_1",
        "jsonAuthToken&Sequence_1",
        "AuthToken&Sequence_1",
        "strTenantId&Sequence_1",
        "strSecretClient&Sequence_1",
        "strAppId&Sequence_1",
        "strDriveId&Sequence_1",
        "strSiteId&Sequence_1",
        "Drive_Folder&Sequence_1",
        "New_FileName&Sequence_1"
      ],
      "ArgumentsSectionElementsOrder": [
        "in_strDownloadPath",
        "in_strFileFolder",
        "in_strFileName",
        "in_DriveName",
        "in_SiteName"
      ],
      "ConstantsSectionElementsOrder": null,
      "AddedNamespaces": null
    },
    {
      "Path": "GetSiteId.xaml",
      "SortBy": 0,
      "VariablesSectionElementsOrder": [
        "objJSON&Sequence_1",
        "jsonAuthToken&Sequence_1",
        "AuthToken&Sequence_1",
        "strSecretClient&Sequence_1",
        "strAppId&Sequence_1",
        "strTenantId&Sequence_1",
        "intRequestStatus&Sequence_1",
        "strRequestResults&Sequence_1",
        "strAuthToken&Sequence_1",
        "strSiteIdEndpoint&Sequence_1"
      ],
      "ArgumentsSectionElementsOrder": [
        "Site_Id",
        "Site_Name"
      ],
      "ConstantsSectionElementsOrder": null,
      "AddedNamespaces": null
    },
    {
      "Path": "GetDriveId.xaml",
      "SortBy": 0,
      "VariablesSectionElementsOrder": [
        "objJSON&Sequence_1",
        "intRequestStatus&Sequence_1",
        "strRequestResults&Sequence_1",
        "strAuthToken&Sequence_1",
        "jsonAuthToken&Sequence_1",
        "AuthToken&Sequence_1",
        "strSecretClient&Sequence_1",
        "strAppId&Sequence_1",
        "strTenantId&Sequence_1"
      ],
      "ArgumentsSectionElementsOrder": [
        "Drive_Id",
        "Site_Id",
        "Drive_Name"
      ],
      "ConstantsSectionElementsOrder": null,
      "AddedNamespaces": null
    }
  ]
}